topic,accuracy_delta
Ayurvedic Diagnosis (Nidana Panchaka),100.0
Ayurvedic Sexology (Vajikarana),100.0
Ayurvedic Preventive Medicine,100.0
Prasuti Tantra and Stri Roga,100.0
Statistics in Ayurvedic Research,66.66666666666667
Neonatology,50.0
Pediatric Surgery,50.0
Modern Medical Science in Relation to Ayurveda,50.0
Biostatistics in Ayurveda,50.0
Oja,50.0
Ayurvedic Diagnosis,37.5
Pediatrics,33.33333333333333
Ayurvedic Gynecology and Reproductive Health,33.33333333333333
Stri Roga,33.33333333333333
Marma Shastra,30.0
Biostatistics,28.571428571428577
Ayurvedic Pediatrics (Kaumarabhritya),28.57142857142857
Research Methodology,26.66666666666667
Ayurvedic Toxicology (Agada Tantra),25.0
Modern Therapy,25.0
General Medicine,20.0
Prasuti Tantra,19.230769230769226
Modern Medicine,16.666666666666664
Dhatusarata,15.0
Ayurvedic Embryology,14.285714285714288
Rasa,14.285714285714285
Ayurvedic Research Methodology,14.285714285714278
Gastrointestinal Surgery,13.333333333333321
Sharir Kriya,12.5
Anatomy,10.294117647058819
Endocrinology,10.0
Ayurvedic Immunology,9.090909090909093
Nidra,9.090909090909086
Obstetrics and Gynecology,8.333333333333336
Saptadhatus,8.163265306122451
Striroga,8.163265306122447
Disaster Management,7.692307692307708
Ayurvedic Pediatrics,7.69230769230769
Roganidan Evam Vikriti Vigyana,6.779661016949142
Ayurvedic Fundamentals,6.25
Surgery,5.714285714285715
Prasutitantra,5.263157894736835
Rasashastra,4.489795918367353
Vitamin,4.347826086956516
Visha Vigyan,4.026845637583897
Sanskrit,3.947368421052623
Rasa Shastra,3.703703703703706
Obstetrics,3.5714285714285694
Medical Statistics,3.4482758620689538
Oncology,2.941176470588246
Agad Tantra,2.7777777777777857
Kaumarbhritya,2.722772277227719
Hepatology,2.564102564102562
Panchakarma,2.5179856115107917
Dravyaguna Vigyan,2.346041055718473
Shalya Tantra,2.1276595744680833
Kayachikitsa,1.879036993540801
Dravyaguna,1.6460905349794288
Samhita & Basic Principles,1.6393442622950758
Physiology,1.4285714285714306
Mritashodhana,0.0
Neonatal Resuscitation,0.0
Modern Ophthalmology,0.0
Neurology,0.0
Ayurvedic Epidemiology,0.0
Modern Medical Science in Context of Ayurveda,0.0
Modern Medical Science,0.0
Modern Medical Diagnostics in Ayurveda,0.0
Microbiology,0.0
Mathematics,0.0
Ayurvedic History,0.0
Ayurvedic Gynecology and Reproductive Medicine,0.0
Ayurvedic Gynecology,0.0
Laboratory Medicine,0.0
Salya Tantra,0.0
Ritu,0.0
Rheumatology,0.0
Ayurvedic Ophthalmology (Netraroga),0.0
Neurology in Ayurveda,0.0
Ayurvedic Diagnosis and Prognosis,0.0
Ayurvedic Dermatology (Kushtha Chikitsa),0.0
Ayurveda,0.0
Vascular Surgery,0.0
Pharmaceutics,0.0
Radiology,0.0
Ayurvedic ENT (Shalakya Tantra),0.0
Ayurvedic Anatomy and Physiology,0.0
Ayurvedic Administration,0.0
Ayurveda General Knowledge,0.0
Toxicology (Agada Tantra),0.0
Ayurvedic Gerontology and Life Stages,0.0
Sushrut Samhita,0.0
Ayurvedic Daily and Seasonal Regimen,0.0
Public Health Nutrition,0.0
Preventive and Social Medicine,0.0
Panchamahabhuta,0.0
Nutrition and Dietetics,0.0
Nutrition,0.0
Statistics in Ayurveda Research,0.0
Ayurvedic Obstetrics and Gynecology,0.0
Ayurvedic Gerontology and Developmental Stages,0.0
Ayurvedic Ethics and Philosophy,0.0
Ayurvedic Ethics and Jurisprudence,0.0
Swasthavritta,0.0
Biochemistry,0.0
Sharirasthana,0.0
Ayurvedic Physiology and Clinical Diagnosis,0.0
Ayurvedic Philosophy and Ethics,0.0
Ayurvedic Ophthalmology (Shalakya Tantra),0.0
Ayurvedic Surgery,0.0
Ayurvedic Statistics and Research Methodology,0.0
Ayurvedic Psychology and Philosophy,0.0
Ayurvedic Psychology,0.0
Ayurvedic Principles and Public Health,0.0
Ayurvedic Principles,0.0
Ayurvedic Lifestyle and Seasonal Regimen,0.0
Shalakyatantra,0.0
Sarpavisha,0.0
Ayurvedic Daily Routine (Dinacharya),0.0
AYUSH Schemes,0.0
AYUSH Institutions,0.0
Yoga,0.0
Prakruti,0.0
Anesthesia,0.0
Urology,0.0
Trauma,0.0
Toxicology in Ayurveda,0.0
Surgical Procedures in Gynecology,0.0
Ayurvedic Physiology and Pathology,0.0
Ayurvedic Nutrition,0.0
Ayurvedic Medicine,0.0
Ayurvedic Lifestyle and Yoga,0.0
Surgical Gynecology,0.0
Ayurvedic Lifestyle and Preventive Medicine,0.0
Ayurvedic Jurisprudence,0.0
Rasayana,0.0
Kaumarabhritya,0.0
History of Ayurveda,0.0
Herbal Medicine,0.0
Gynecology,0.0
Biostatistics in Ayurveda Research,0.0
Genetics in Ayurveda,0.0
General Knowledge,0.0
Forensic Science in Ayurveda,0.0
Forensic Medicine and Toxicology,0.0
Epidemiology,0.0
Environmental Science,0.0
Environmental Health,0.0
Dermatology,0.0
Computer Science,0.0
Community Medicine,0.0
Clinical Laboratory Science,0.0
Burns & Trauma,0.0
Geography,0.0
Ayurvedic Anatomy,-0.3539823008849581
Ayurvedic Physiology,-1.0
Netraroga,-2.0997375328084047
Ayurvedic Pharmacology,-3.1690140845070403
Tridosha,-3.846153846153843
Public Health,-4.6875
Orthopedics,-5.000000000000007
Forensic Medicine,-6.349206349206348
Shalakya Tantra,-6.818181818181813
Ayurvedic Philosophy,-7.142857142857146
Yoga & Naturopathy,-7.407407407407405
Obstetrics and Gynecology in Ayurveda,-7.692307692307693
Ayurvedic Pathology,-8.333333333333336
Srotas,-8.92857142857143
Immunology,-10.526315789473678
Siddhanta,-11.111111111111107
Surgery (Shalya Tantra),-11.111111111111107
Sushruta Samhita,-11.111111111111114
Samhita & Siddhanta,-11.206896551724139
Bhaishajyakalpana,-11.688311688311686
Manas,-11.764705882352946
Statistics,-13.333333333333343
Ayurvedic Gynecology and Obstetrics,-14.285714285714285
Research Methodology in Ayurveda,-14.285714285714292
Shalakya,-20.0
Ayurvedic Literature,-20.0
Agni,-23.076923076923077
Naturopathy,-25.0
Public Health in Ayurveda,-25.0
Shalya,-25.0
Rachana Sharira,-33.33333333333333
Toxicology,-33.33333333333333
Ayurvedic Epidemiology and Research Methodology,-33.33333333333333
Stree-Roga,-33.33333333333333
Ayurvedic Fundamental Principles,-33.33333333333333
Ayurvedic Epidemiology and Preventive Medicine,-50.0
General Science,-50.0
AYUSH Administration,-50.0
Forensic Medicine & Toxicology,-50.0
Immunity,-100.0
Hematology,-100.0
Siddha & Nidana,-100.0
Striroga and Prasutitantra,-100.0
Ayurvedic Forensic Science (Ayurvedic Visha and Agada Tantra),-100.0
Ayurvedic Forensic Medicine (Agada Tantra),-100.0
Ayurvedic Dermatology,-100.0
Sutrasthana,-100.0
